sequence_id,position,gc_content
MZ781228.1,50,24.0
MZ781228.1,60,24.0
MZ781228.1,70,23.0
MZ781228.1,80,20.0
MZ781228.1,90,16.0
MZ781228.1,100,16.0
MZ781228.1,110,16.0
MZ781228.1,120,17.0
MZ781228.1,130,15.0
MZ781228.1,140,15.0
MZ781228.1,150,12.0
MZ781228.1,160,13.0
MZ781228.1,170,13.0
MZ781228.1,180,11.0
MZ781228.1,190,11.0
MZ781228.1,200,11.0
MZ781228.1,210,10.0
MZ781228.1,220,9.0
MZ781228.1,230,7.0
MZ781228.1,240,7.0
MZ781228.1,250,8.0
MZ781228.1,260,9.0
MZ781228.1,270,10.0
MZ781228.1,280,14.0
MZ781228.1,290,16.0
MZ781228.1,300,15.0
MZ781228.1,310,16.0
MZ781228.1,320,18.0
MZ781228.1,330,20.0
MZ781228.1,340,19.0
MZ781228.1,350,21.0
MZ781228.1,360,24.0
MZ781228.1,370,24.0
MZ781228.1,380,23.0
MZ781228.1,390,24.0
MZ781228.1,400,24.0
MZ781228.1,410,24.0
MZ781228.1,420,22.0
MZ781228.1,430,19.0
MZ781228.1,440,18.0
MZ781228.1,450,16.0
MZ781228.1,460,11.0
MZ781228.1,470,11.0
MZ781228.1,480,10.0
MZ781228.1,490,7.0
MZ781228.1,500,10.0
MZ781228.1,510,14.0
MZ781228.1,520,16.0
MZ781228.1,530,20.0
MZ781228.1,540,23.0
MZ781228.1,550,24.0
MZ781228.1,560,25.0
MZ781228.1,570,24.0
MZ781228.1,580,25.0
MZ781228.1,590,27.0
MZ781228.1,600,24.0
MZ781228.1,610,20.0
MZ781228.1,620,18.0
MZ781228.1,630,14.0
MZ781228.1,640,12.0
MZ781228.1,650,11.0
MZ781228.1,660,11.0
MZ781228.1,670,14.0
MZ781228.1,680,13.0
MZ781228.1,690,13.0
MZ781228.1,700,16.0
MZ781228.1,710,16.0
MZ781228.1,720,18.0
MZ781228.1,730,19.0
MZ781228.1,740,20.0
MZ781228.1,750,20.0
MZ781228.1,760,21.0
MZ781228.1,770,18.0
MZ781228.1,780,16.0
MZ781228.1,790,14.0
MZ781228.1,800,12.0
MZ781228.1,810,12.0
MZ781228.1,820,12.0
MZ781228.1,830,11.0
MZ781228.1,840,9.0
MZ781228.1,850,8.0
MZ781228.1,860,7.0
MZ781228.1,870,7.0
MZ781228.1,880,7.0
MZ781228.1,890,7.0
MZ781228.1,900,9.0
MZ781228.1,910,8.0
MZ781228.1,920,8.0
MZ781228.1,930,12.0
MZ781228.1,940,16.0
MZ781228.1,950,19.0
MZ781228.1,960,20.0
MZ781228.1,970,19.0
MZ781228.1,980,20.0
MZ781228.1,990,19.0
MZ781228.1,1000,16.0
MZ781228.1,1010,17.0
MZ781228.1,1020,16.0
MZ781228.1,1030,13.0
MZ781228.1,1040,9.0
MZ781228.1,1050,8.0
MZ781228.1,1060,6.0
MZ781228.1,1070,8.0
MZ781228.1,1080,7.0
MZ781228.1,1090,7.0
MZ781228.1,1100,8.0
MZ781228.1,1110,7.0
MZ781228.1,1120,7.0
MZ781228.1,1130,6.0
MZ781228.1,1140,7.0
MZ781228.1,1150,5.0
MZ781228.1,1160,6.0
MZ781228.1,1170,6.0
MZ781228.1,1180,8.0
MZ781228.1,1190,8.0
MZ781228.1,1200,9.0
MZ781228.1,1210,10.0
MZ781228.1,1220,10.0
MZ781228.1,1230,12.0
MZ781228.1,1240,12.0
MZ781228.1,1250,13.0
MZ781228.1,1260,16.0
MZ781228.1,1270,14.0
MZ781228.1,1280,15.0
MZ781228.1,1290,17.0
MZ781228.1,1300,16.0
MZ781228.1,1310,17.0
MZ781228.1,1320,18.0
MZ781228.1,1330,18.0
MZ781228.1,1340,20.0
MZ781228.1,1350,19.0
MZ781228.1,1360,16.0
MZ781228.1,1370,19.0
MZ781228.1,1380,20.0
MZ781228.1,1390,21.0
MZ781228.1,1400,22.0
MZ781228.1,1410,22.0
MZ781228.1,1420,22.0
MZ781228.1,1430,23.0
MZ781228.1,1440,20.0
MZ781228.1,1450,22.0
MZ781228.1,1460,26.0
MZ781228.1,1470,26.0
MZ781228.1,1480,24.0
MZ781228.1,1490,23.0
MZ781228.1,1500,23.0
MZ781228.1,1510,26.0
MZ781228.1,1520,26.0
MZ781228.1,1530,27.0
MZ781228.1,1540,28.0
MZ781228.1,1550,28.0
MZ781228.1,1560,27.0
MZ781228.1,1570,26.0
MZ781228.1,1580,24.0
MZ781228.1,1590,23.0
MZ781228.1,1600,23.0
MZ781228.1,1610,22.0
MZ781228.1,1620,23.0
MZ781228.1,1630,24.0
MZ781228.1,1640,25.0
MZ781228.1,1650,28.0
MZ781228.1,1660,28.0
MZ781228.1,1670,29.0
MZ781228.1,1680,30.0
MZ781228.1,1690,31.0
MZ781228.1,1700,35.0
MZ781228.1,1710,34.0
MZ781228.1,1720,32.0
MZ781228.1,1730,30.0
MZ781228.1,1740,31.0
MZ781228.1,1750,32.0
MZ781228.1,1760,32.0
MZ781228.1,1770,35.0
MZ781228.1,1780,37.0
MZ781228.1,1790,38.0
MZ781228.1,1800,36.0
MZ781228.1,1810,36.0
MZ781228.1,1820,37.0
MZ781228.1,1830,37.0
MZ781228.1,1840,39.0
MZ781228.1,1850,35.0
MZ781228.1,1860,36.0
MZ781228.1,1870,30.0
MZ781228.1,1880,29.0
MZ781228.1,1890,26.0
MZ781228.1,1900,24.0
MZ781228.1,1910,22.0
MZ781228.1,1920,22.0
MZ781228.1,1930,22.0
MZ781228.1,1940,21.0
MZ781228.1,1950,22.0
MZ781228.1,1960,20.0
MZ781228.1,1970,23.0
MZ781228.1,1980,25.0
MZ781228.1,1990,30.0
MZ781228.1,2000,30.0
MZ781228.1,2010,30.0
MZ781228.1,2020,31.0
MZ781228.1,2030,30.0
MZ781228.1,2040,27.0
MZ781228.1,2050,31.0
MZ781228.1,2060,35.0
MZ781228.1,2070,33.0
MZ781228.1,2080,31.0
MZ781228.1,2090,27.0
MZ781228.1,2100,31.0
MZ781228.1,2110,32.0
MZ781228.1,2120,29.0
MZ781228.1,2130,31.0
MZ781228.1,2140,33.0
MZ781228.1,2150,29.0
MZ781228.1,2160,25.0
MZ781228.1,2170,28.0
MZ781228.1,2180,28.0
MZ781228.1,2190,30.0
MZ781228.1,2200,26.0
MZ781228.1,2210,26.0
MZ781228.1,2220,30.0
MZ781228.1,2230,28.0
MZ781228.1,2240,27.0
MZ781228.1,2250,28.0
MZ781228.1,2260,28.0
MZ781228.1,2270,27.0
MZ781228.1,2280,29.0
MZ781228.1,2290,30.0
MZ781228.1,2300,34.0
MZ781228.1,2310,33.0
MZ781228.1,2320,33.0
MZ781228.1,2330,36.0
MZ781228.1,2340,34.0
MZ781228.1,2350,33.0
MZ781228.1,2360,34.0
MZ781228.1,2370,35.0
MZ781228.1,2380,32.0
MZ781228.1,2390,32.0
MZ781228.1,2400,28.0
MZ781228.1,2410,30.0
MZ781228.1,2420,26.0
MZ781228.1,2430,25.0
MZ781228.1,2440,29.0
MZ781228.1,2450,28.0
MZ781228.1,2460,27.0
MZ781228.1,2470,25.0
MZ781228.1,2480,27.0
MZ781228.1,2490,25.0
MZ781228.1,2500,27.0
MZ781228.1,2510,28.0
MZ781228.1,2520,29.0
MZ781228.1,2530,29.0
MZ781228.1,2540,30.0
MZ781228.1,2550,31.0
MZ781228.1,2560,31.0
MZ781228.1,2570,32.0
MZ781228.1,2580,30.0
MZ781228.1,2590,32.0
MZ781228.1,2600,30.0
MZ781228.1,2610,26.0
MZ781228.1,2620,26.0
MZ781228.1,2630,23.0
MZ781228.1,2640,21.0
MZ781228.1,2650,20.0
MZ781228.1,2660,20.0
MZ781228.1,2670,18.0
MZ781228.1,2680,22.0
MZ781228.1,2690,24.0
MZ781228.1,2700,25.0
MZ781228.1,2710,30.0
MZ781228.1,2720,29.0
MZ781228.1,2730,30.0
MZ781228.1,2740,28.0
MZ781228.1,2750,30.0
MZ781228.1,2760,28.0
MZ781228.1,2770,28.0
MZ781228.1,2780,23.0
MZ781228.1,2790,17.0
MZ781228.1,2800,16.0
MZ781228.1,2810,12.0
MZ781228.1,2820,14.0
MZ781228.1,2830,14.0
MZ781228.1,2840,14.0
MZ781228.1,2850,14.0
MZ781228.1,2860,16.0
MZ781228.1,2870,17.0
MZ781228.1,2880,24.0
MZ781228.1,2890,27.0
MZ781228.1,2900,27.0
MZ781228.1,2910,28.0
MZ781228.1,2920,28.0
MZ781228.1,2930,29.0
MZ781228.1,2940,29.0
MZ781228.1,2950,27.0
MZ781228.1,2960,29.0
MZ781228.1,2970,29.0
MZ781228.1,2980,24.0
MZ781228.1,2990,25.0
MZ781228.1,3000,26.0
MZ781228.1,3010,26.0
MZ781228.1,3020,27.0
MZ781228.1,3030,29.0
MZ781228.1,3040,30.0
MZ781228.1,3050,28.0
MZ781228.1,3060,26.0
MZ781228.1,3070,26.0
MZ781228.1,3080,24.0
MZ781228.1,3090,21.0
MZ781228.1,3100,20.0
MZ781228.1,3110,18.0
MZ781228.1,3120,15.0
MZ781228.1,3130,10.0
MZ781228.1,3140,8.0
MZ781228.1,3150,11.0
MZ781228.1,3160,12.0
MZ781228.1,3170,11.0
MZ781228.1,3180,12.0
MZ781228.1,3190,14.0
MZ781228.1,3200,15.0
MZ781228.1,3210,15.0
MZ781228.1,3220,22.0
MZ781228.1,3230,26.0
MZ781228.1,3240,27.0
MZ781228.1,3250,26.0
MZ781228.1,3260,22.0
MZ781228.1,3270,23.0
MZ781228.1,3280,24.0
MZ781228.1,3290,24.0
MZ781228.1,3300,24.0
MZ781228.1,3310,27.0
MZ781228.1,3320,22.0
MZ781228.1,3330,20.0
MZ781228.1,3340,21.0
MZ781228.1,3350,20.0
MZ781228.1,3360,21.0
MZ781228.1,3370,20.0
MZ781228.1,3380,19.0
MZ781228.1,3390,19.0
MZ781228.1,3400,19.0
MZ781228.1,3410,18.0
MZ781228.1,3420,18.0
MZ781228.1,3430,17.0
MZ781228.1,3440,17.0
MZ781228.1,3450,18.0
MZ781228.1,3460,21.0
MZ781228.1,3470,22.0
MZ781228.1,3480,24.0
MZ781228.1,3490,25.0
MZ781228.1,3500,23.0
MZ781228.1,3510,25.0
MZ781228.1,3520,29.0
MZ781228.1,3530,31.0
MZ781228.1,3540,29.0
MZ781228.1,3550,31.0
MZ781228.1,3560,29.0
MZ781228.1,3570,30.0
MZ781228.1,3580,30.0
MZ781228.1,3590,31.0
MZ781228.1,3600,32.0
MZ781228.1,3610,30.0
MZ781228.1,3620,26.0
MZ781228.1,3630,25.0
MZ781228.1,3640,25.0
MZ781228.1,3650,22.0
MZ781228.1,3660,20.0
MZ781228.1,3670,19.0
MZ781228.1,3680,20.0
MZ781228.1,3690,18.0
MZ781228.1,3700,20.0
MZ781228.1,3710,22.0
MZ781228.1,3720,21.0
MZ781228.1,3730,22.0
MZ781228.1,3740,25.0
MZ781228.1,3750,25.0
MZ781228.1,3760,26.0
MZ781228.1,3770,26.0
MZ781228.1,3780,22.0
MZ781228.1,3790,20.0
MZ781228.1,3800,18.0
MZ781228.1,3810,17.0
MZ781228.1,3820,18.0
MZ781228.1,3830,16.0
MZ781228.1,3840,14.0
MZ781228.1,3850,13.0
MZ781228.1,3860,12.0
MZ781228.1,3870,11.0
MZ781228.1,3880,12.0
MZ781228.1,3890,11.0
MZ781228.1,3900,9.0
MZ781228.1,3910,6.0
MZ781228.1,3920,5.0
MZ781228.1,3930,4.0
MZ781228.1,3940,3.0
MZ781228.1,3950,3.0
MZ781228.1,3960,4.0
MZ781228.1,3970,5.0
MZ781228.1,3980,5.0
MZ781228.1,3990,6.0
MZ781228.1,4000,10.0
MZ781228.1,4010,11.0
MZ781228.1,4020,11.0
MZ781228.1,4030,12.0
MZ781228.1,4040,14.0
MZ781228.1,4050,16.0
MZ781228.1,4060,16.0
MZ781228.1,4070,17.0
MZ781228.1,4080,17.0
MZ781228.1,4090,21.0
MZ781228.1,4100,19.0
MZ781228.1,4110,19.0
MZ781228.1,4120,19.0
MZ781228.1,4130,19.0
MZ781228.1,4140,18.0
MZ781228.1,4150,17.0
MZ781228.1,4160,18.0
MZ781228.1,4170,18.0
MZ781228.1,4180,19.0
MZ781228.1,4190,14.0
MZ781228.1,4200,14.0
MZ781228.1,4210,13.0
MZ781228.1,4220,12.0
MZ781228.1,4230,14.0
MZ781228.1,4240,15.0
MZ781228.1,4250,15.0
MZ781228.1,4260,17.0
MZ781228.1,4270,15.0
MZ781228.1,4280,15.0
MZ781228.1,4290,17.0
MZ781228.1,4300,16.0
MZ781228.1,4310,17.0
MZ781228.1,4320,20.0
MZ781228.1,4330,17.0
MZ781228.1,4340,17.0
MZ781228.1,4350,17.0
MZ781228.1,4360,17.0
MZ781228.1,4370,21.0
MZ781228.1,4380,21.0
MZ781228.1,4390,21.0
MZ781228.1,4400,21.0
MZ781228.1,4410,22.0
MZ781228.1,4420,20.0
MZ781228.1,4430,25.0
MZ781228.1,4440,27.0
MZ781228.1,4450,29.0
MZ781228.1,4460,27.0
MZ781228.1,4470,26.0
MZ781228.1,4480,25.0
MZ781228.1,4490,24.0
MZ781228.1,4500,25.0
MZ781228.1,4510,25.0
MZ781228.1,4520,26.0
MZ781228.1,4530,21.0
MZ781228.1,4540,17.0
MZ781228.1,4550,15.0
MZ781228.1,4560,14.0
MZ781228.1,4570,12.0
MZ781228.1,4580,15.0
MZ781228.1,4590,16.0
MZ781228.1,4600,16.0
MZ781228.1,4610,16.0
MZ781228.1,4620,16.0
MZ781228.1,4630,18.0
MZ781228.1,4640,21.0
MZ781228.1,4650,22.0
MZ781228.1,4660,23.0
MZ781228.1,4670,24.0
MZ781228.1,4680,22.0
MZ781228.1,4690,25.0
MZ781228.1,4700,27.0
MZ781228.1,4710,28.0
MZ781228.1,4720,28.0
MZ781228.1,4730,28.0
MZ781228.1,4740,25.0
MZ781228.1,4750,24.0
MZ781228.1,4760,22.0
MZ781228.1,4770,19.0
MZ781228.1,4780,21.0
MZ781228.1,4790,16.0
MZ781228.1,4800,13.0
MZ781228.1,4810,11.0
MZ781228.1,4820,14.0
MZ781228.1,4830,16.0
MZ781228.1,4840,20.0
MZ781228.1,4850,23.0
MZ781228.1,4860,26.0
MZ781228.1,4870,29.0
MZ781228.1,4880,29.0
MZ781228.1,4890,32.0
MZ781228.1,4900,31.0
MZ781228.1,4910,32.0
MZ781228.1,4920,29.0
MZ781228.1,4930,26.0
MZ781228.1,4940,26.0
MZ781228.1,4950,24.0
MZ781228.1,4960,24.0
MZ781228.1,4970,24.0
MZ781228.1,4980,23.0
MZ781228.1,4990,24.0
MZ781228.1,5000,28.0
MZ781228.1,5010,29.0
MZ781228.1,5020,29.0
MZ781228.1,5030,32.0
MZ781228.1,5040,28.0
MZ781228.1,5050,27.0
MZ781228.1,5060,26.0
MZ781228.1,5070,26.0
MZ781228.1,5080,26.0
MZ781228.1,5090,28.0
MZ781228.1,5100,25.0
MZ781228.1,5110,22.0
MZ781228.1,5120,23.0
MZ781228.1,5130,22.0
MZ781228.1,5140,23.0
MZ781228.1,5150,24.0
MZ781228.1,5160,22.0
MZ781228.1,5170,22.0
MZ781228.1,5180,21.0
MZ781228.1,5190,16.0
MZ781228.1,5200,20.0
MZ781228.1,5210,24.0
MZ781228.1,5220,22.0
MZ781228.1,5230,22.0
MZ781228.1,5240,24.0
MZ781228.1,5250,25.0
MZ781228.1,5260,30.0
MZ781228.1,5270,28.0
MZ781228.1,5280,29.0
MZ781228.1,5290,30.0
MZ781228.1,5300,26.0
MZ781228.1,5310,26.0
MZ781228.1,5320,26.0
MZ781228.1,5330,25.0
MZ781228.1,5340,25.0
MZ781228.1,5350,26.0
MZ781228.1,5360,27.0
MZ781228.1,5370,28.0
MZ781228.1,5380,29.0
MZ781228.1,5390,29.0
MZ781228.1,5400,30.0
MZ781228.1,5410,27.0
MZ781228.1,5420,30.0
MZ781228.1,5430,28.0
MZ781228.1,5440,25.0
MZ781228.1,5450,22.0
MZ781228.1,5460,18.0
MZ781228.1,5470,19.0
MZ781228.1,5480,16.0
MZ781228.1,5490,14.0
MZ781228.1,5500,12.0
MZ781228.1,5510,12.0
MZ781228.1,5520,9.0
MZ781228.1,5530,9.0
MZ781228.1,5540,10.0
MZ781228.1,5550,10.0
MZ781228.1,5560,8.0
MZ781228.1,5570,6.0
MZ781228.1,5580,6.0
MZ781228.1,5590,8.0
MZ781228.1,5600,11.0
MZ781228.1,5610,15.0
MZ781228.1,5620,17.0
MZ781228.1,5630,21.0
MZ781228.1,5640,23.0
MZ781228.1,5650,27.0
MZ781228.1,5660,29.0
MZ781228.1,5670,29.0
MZ781228.1,5680,30.0
MZ781228.1,5690,29.0
MZ781228.1,5700,27.0
MZ781228.1,5710,24.0
MZ781228.1,5720,22.0
MZ781228.1,5730,21.0
MZ781228.1,5740,19.0
MZ781228.1,5750,15.0
MZ781228.1,5760,14.0
MZ781228.1,5770,14.0
MZ781228.1,5780,13.0
MZ781228.1,5790,12.0
MZ781228.1,5800,11.0
MZ781228.1,5810,12.0
MZ781228.1,5820,16.0
MZ781228.1,5830,14.0
MZ781228.1,5840,15.0
MZ781228.1,5850,16.0
MZ781228.1,5860,17.0
MZ781228.1,5870,17.0
MZ781228.1,5880,18.0
MZ781228.1,5890,20.0
MZ781228.1,5900,20.0
MZ781228.1,5910,18.0
MZ781228.1,5920,14.0
MZ781228.1,5930,16.0
MZ781228.1,5940,15.0
MZ781228.1,5950,16.0
MZ781228.1,5960,17.0
MZ781228.1,5970,19.0
MZ781228.1,5980,17.0
MZ781228.1,5990,18.0
MZ781228.1,6000,21.0
MZ781228.1,6010,23.0
MZ781228.1,6020,24.0
MZ781228.1,6030,21.0
MZ781228.1,6040,23.0
MZ781228.1,6050,20.0
MZ781228.1,6060,21.0
MZ781228.1,6070,20.0
MZ781228.1,6080,23.0
MZ781228.1,6090,22.0
MZ781228.1,6100,20.0
MZ781228.1,6110,17.0
MZ781228.1,6120,15.0
MZ781228.1,6130,15.0
MZ781228.1,6140,13.0
MZ781228.1,6150,14.0
MZ781228.1,6160,13.0
MZ781228.1,6170,12.0
MZ781228.1,6180,9.0
MZ781228.1,6190,7.0
MZ781228.1,6200,6.0
MZ781228.1,6210,6.0
MZ781228.1,6220,6.0
MZ781228.1,6230,6.0
MZ781228.1,6240,7.0
MZ781228.1,6250,8.0
MZ781228.1,6260,7.0
MZ781228.1,6270,7.0
MZ781228.1,6280,8.0
MZ781228.1,6290,8.0
MZ781228.1,6300,8.0
MZ781228.1,6310,8.0
MZ781228.1,6320,9.0
MZ781228.1,6330,10.0
MZ781228.1,6340,8.0
MZ781228.1,6350,6.0
MZ781228.1,6360,5.0
MZ781228.1,6370,4.0
MZ781228.1,6380,4.0
MZ781228.1,6390,4.0
MZ781228.1,6400,4.0
MZ781228.1,6410,7.0
MZ781228.1,6420,8.0
MZ781228.1,6430,11.0
MZ781228.1,6440,14.0
MZ781228.1,6450,15.0
MZ781228.1,6460,15.0
MZ781228.1,6470,17.0
MZ781228.1,6480,16.0
MZ781228.1,6490,19.0
MZ781228.1,6500,21.0
MZ781228.1,6510,20.0
MZ781228.1,6520,19.0
MZ781228.1,6530,16.0
MZ781228.1,6540,14.0
MZ781228.1,6550,14.0
MZ781228.1,6560,13.0
MZ781228.1,6570,12.0
MZ781228.1,6580,13.0
MZ781228.1,6590,11.0
MZ781228.1,6600,11.0
MZ781228.1,6610,9.0
MZ781228.1,6620,11.0
MZ781228.1,6630,11.0
MZ781228.1,6640,11.0
MZ781228.1,6650,11.0
MZ781228.1,6660,12.0
MZ781228.1,6670,11.0
MZ781228.1,6680,12.0
MZ781228.1,6690,12.0
MZ781228.1,6700,12.0
MZ781228.1,6710,16.0
MZ781228.1,6720,14.0
MZ781228.1,6730,13.0
MZ781228.1,6740,13.0
MZ781228.1,6750,12.0
MZ781228.1,6760,12.0
MZ781228.1,6770,14.0
MZ781228.1,6780,13.0
MZ781228.1,6790,13.0
MZ781228.1,6800,12.0
MZ781228.1,6810,8.0
MZ781228.1,6820,7.0
MZ781228.1,6830,10.0
MZ781228.1,6840,10.0
MZ781228.1,6850,14.0
MZ781228.1,6860,15.0
MZ781228.1,6870,13.0
MZ781228.1,6880,13.0
MZ781228.1,6890,12.0
MZ781228.1,6900,14.0
MZ781228.1,6910,16.0
MZ781228.1,6920,16.0
MZ781228.1,6930,15.0
MZ781228.1,6940,19.0
MZ781228.1,6950,17.0
MZ781228.1,6960,18.0
MZ781228.1,6970,20.0
MZ781228.1,6980,20.0
MZ781228.1,6990,22.0
MZ781228.1,7000,22.0
MZ781228.1,7010,21.0
MZ781228.1,7020,26.0
MZ781228.1,7030,26.0
MZ781228.1,7040,24.0
MZ781228.1,7050,23.0
MZ781228.1,7060,21.0
MZ781228.1,7070,24.0
MZ781228.1,7080,26.0
MZ781228.1,7090,26.0
MZ781228.1,7100,24.0
MZ781228.1,7110,26.0
MZ781228.1,7120,22.0
MZ781228.1,7130,23.0
MZ781228.1,7140,25.0
MZ781228.1,7150,25.0
MZ781228.1,7160,25.0
MZ781228.1,7170,22.0
MZ781228.1,7180,21.0
MZ781228.1,7190,22.0
MZ781228.1,7200,22.0
MZ781228.1,7210,20.0
MZ781228.1,7220,20.0
MZ781228.1,7230,20.0
MZ781228.1,7240,19.0
MZ781228.1,7250,19.0
MZ781228.1,7260,20.0
MZ781228.1,7270,20.0
MZ781228.1,7280,18.0
MZ781228.1,7290,17.0
MZ781228.1,7300,17.0
MZ781228.1,7310,17.0
MZ781228.1,7320,18.0
MZ781228.1,7330,18.0
MZ781228.1,7340,18.0
MZ781228.1,7350,20.0
MZ781228.1,7360,20.0
MZ781228.1,7370,23.0
MZ781228.1,7380,29.0
MZ781228.1,7390,31.0
MZ781228.1,7400,35.0
MZ781228.1,7410,36.0
MZ781228.1,7420,37.0
MZ781228.1,7430,38.0
MZ781228.1,7440,38.0
MZ781228.1,7450,36.0
MZ781228.1,7460,38.0
MZ781228.1,7470,34.0
MZ781228.1,7480,30.0
MZ781228.1,7490,26.0
MZ781228.1,7500,23.0
MZ781228.1,7510,21.0
MZ781228.1,7520,22.0
MZ781228.1,7530,20.0
MZ781228.1,7540,18.0
MZ781228.1,7550,18.0
MZ781228.1,7560,15.0
MZ781228.1,7570,18.0
MZ781228.1,7580,20.0
MZ781228.1,7590,24.0
MZ781228.1,7600,26.0
MZ781228.1,7610,28.0
MZ781228.1,7620,25.0
MZ781228.1,7630,23.0
MZ781228.1,7640,23.0
MZ781228.1,7650,24.0
MZ781228.1,7660,27.0
MZ781228.1,7670,27.0
MZ781228.1,7680,24.0
MZ781228.1,7690,20.0
MZ781228.1,7700,19.0
MZ781228.1,7710,17.0
MZ781228.1,7720,17.0
MZ781228.1,7730,17.0
MZ781228.1,7740,16.0
MZ781228.1,7750,16.0
MZ781228.1,7760,12.0
MZ781228.1,7770,10.0
MZ781228.1,7780,10.0
MZ781228.1,7790,11.0
MZ781228.1,7800,10.0
MZ781228.1,7810,12.0
MZ781228.1,7820,12.0
MZ781228.1,7830,13.0
MZ781228.1,7840,13.0
MZ781228.1,7850,14.0
MZ781228.1,7860,15.0
MZ781228.1,7870,14.0
MZ781228.1,7880,16.0
MZ781228.1,7890,16.0
MZ781228.1,7900,16.0
MZ781228.1,7910,15.0
MZ781228.1,7920,15.0
MZ781228.1,7930,15.0
MZ781228.1,7940,14.0
MZ781228.1,7950,12.0
MZ781228.1,7960,11.0
MZ781228.1,7970,11.0
MZ781228.1,7980,9.0
MZ781228.1,7990,10.0
MZ781228.1,8000,10.0
MZ781228.1,8010,9.0
MZ781228.1,8020,9.0
MZ781228.1,8030,9.0
MZ781228.1,8040,12.0
MZ781228.1,8050,13.0
MZ781228.1,8060,17.0
MZ781228.1,8070,16.0
MZ781228.1,8080,15.0
MZ781228.1,8090,14.0
MZ781228.1,8100,12.0
MZ781228.1,8110,13.0
MZ781228.1,8120,12.0
MZ781228.1,8130,11.0
MZ781228.1,8140,11.0
MZ781228.1,8150,10.0
MZ781228.1,8160,6.0
MZ781228.1,8170,11.0
MZ781228.1,8180,15.0
MZ781228.1,8190,15.0
MZ781228.1,8200,16.0
MZ781228.1,8210,17.0
MZ781228.1,8220,20.0
MZ781228.1,8230,21.0
MZ781228.1,8240,19.0
MZ781228.1,8250,24.0
MZ781228.1,8260,26.0
MZ781228.1,8270,21.0
MZ781228.1,8280,17.0
MZ781228.1,8290,18.0
MZ781228.1,8300,20.0
MZ781228.1,8310,20.0
MZ781228.1,8320,18.0
MZ781228.1,8330,21.0
MZ781228.1,8340,20.0
MZ781228.1,8350,18.0
MZ781228.1,8360,20.0
MZ781228.1,8370,22.0
MZ781228.1,8380,22.0
MZ781228.1,8390,22.0
MZ781228.1,8400,21.0
MZ781228.1,8410,21.0
MZ781228.1,8420,22.0
MZ781228.1,8430,18.0
MZ781228.1,8440,20.0
MZ781228.1,8450,18.0
MZ781228.1,8460,18.0
MZ781228.1,8470,16.0
MZ781228.1,8480,18.0
MZ781228.1,8490,19.0
MZ781228.1,8500,20.0
MZ781228.1,8510,22.0
MZ781228.1,8520,20.0
MZ781228.1,8530,23.0
MZ781228.1,8540,24.0
MZ781228.1,8550,22.0
MZ781228.1,8560,20.0
MZ781228.1,8570,23.0
MZ781228.1,8580,23.0
MZ781228.1,8590,25.0
MZ781228.1,8600,25.0
MZ781228.1,8610,23.0
MZ781228.1,8620,25.0
MZ781228.1,8630,24.0
MZ781228.1,8640,22.0
MZ781228.1,8650,23.0
MZ781228.1,8660,25.0
MZ781228.1,8670,23.0
MZ781228.1,8680,23.0
MZ781228.1,8690,18.0
MZ781228.1,8700,17.0
MZ781228.1,8710,16.0
MZ781228.1,8720,15.0
MZ781228.1,8730,15.0
MZ781228.1,8740,18.0
MZ781228.1,8750,20.0
MZ781228.1,8760,16.0
MZ781228.1,8770,19.0
MZ781228.1,8780,20.0
MZ781228.1,8790,24.0
MZ781228.1,8800,26.0
MZ781228.1,8810,30.0
MZ781228.1,8820,30.0
MZ781228.1,8830,30.0
MZ781228.1,8840,28.0
MZ781228.1,8850,26.0
MZ781228.1,8860,28.0
MZ781228.1,8870,25.0
MZ781228.1,8880,22.0
MZ781228.1,8890,18.0
MZ781228.1,8900,15.0
MZ781228.1,8910,10.0
MZ781228.1,8920,9.0
MZ781228.1,8930,7.0
MZ781228.1,8940,5.0
MZ781228.1,8950,4.0
MZ781228.1,8960,4.0
MZ781228.1,8970,5.0
MZ781228.1,8980,7.0
MZ781228.1,8990,8.0
MZ781228.1,9000,7.0
MZ781228.1,9010,11.0
MZ781228.1,9020,15.0
MZ781228.1,9030,18.0
MZ781228.1,9040,24.0
MZ781228.1,9050,24.0
MZ781228.1,9060,25.0
MZ781228.1,9070,25.0
MZ781228.1,9080,24.0
MZ781228.1,9090,23.0
MZ781228.1,9100,23.0
MZ781228.1,9110,21.0
MZ781228.1,9120,18.0
MZ781228.1,9130,16.0
MZ781228.1,9140,10.0
MZ781228.1,9150,12.0
MZ781228.1,9160,9.0
MZ781228.1,9170,7.0
MZ781228.1,9180,7.0
MZ781228.1,9190,7.0
MZ781228.1,9200,11.0
MZ781228.1,9210,9.0
MZ781228.1,9220,10.0
MZ781228.1,9230,11.0
MZ781228.1,9240,11.0
MZ781228.1,9250,12.0
MZ781228.1,9260,13.0
MZ781228.1,9270,16.0
MZ781228.1,9280,17.0
MZ781228.1,9290,18.0
MZ781228.1,9300,15.0
MZ781228.1,9310,17.0
MZ781228.1,9320,15.0
MZ781228.1,9330,13.0
MZ781228.1,9340,13.0
MZ781228.1,9350,11.0
MZ781228.1,9360,13.0
MZ781228.1,9370,10.0
MZ781228.1,9380,9.0
MZ781228.1,9390,10.0
MZ781228.1,9400,9.0
MZ781228.1,9410,7.0
MZ781228.1,9420,8.0
MZ781228.1,9430,8.0
MZ781228.1,9440,9.0
MZ781228.1,9450,9.0
MZ781228.1,9460,9.0
MZ781228.1,9470,13.0
MZ781228.1,9480,14.0
MZ781228.1,9490,13.0
MZ781228.1,9500,16.0
MZ781228.1,9510,21.0
MZ781228.1,9520,22.0
MZ781228.1,9530,22.0
MZ781228.1,9540,21.0
MZ781228.1,9550,20.0
MZ781228.1,9560,18.0
MZ781228.1,9570,14.0
MZ781228.1,9580,12.0
MZ781228.1,9590,11.0
MZ781228.1,9600,10.0
MZ781228.1,9610,6.0
MZ781228.1,9620,5.0
MZ781228.1,9630,6.0
MZ781228.1,9640,7.0
MZ781228.1,9650,9.0
MZ781228.1,9660,9.0
MZ781228.1,9670,11.0
MZ781228.1,9680,11.0
MZ781228.1,9690,13.0
MZ781228.1,9700,11.0
MZ781228.1,9710,10.0
MZ781228.1,9720,11.0
MZ781228.1,9730,11.0
MZ781228.1,9740,12.0
MZ781228.1,9750,14.0
MZ781228.1,9760,14.0
MZ781228.1,9770,13.0
MZ781228.1,9780,15.0
MZ781228.1,9790,15.0
MZ781228.1,9800,17.0
MZ781228.1,9810,19.0
MZ781228.1,9820,20.0
MZ781228.1,9830,19.0
MZ781228.1,9840,17.0
MZ781228.1,9850,15.0
MZ781228.1,9860,15.0
MZ781228.1,9870,15.0
MZ781228.1,9880,13.0
MZ781228.1,9890,12.0
MZ781228.1,9900,11.0
MZ781228.1,9910,10.0
MZ781228.1,9920,10.0
MZ781228.1,9930,13.0
MZ781228.1,9940,14.0
MZ781228.1,9950,15.0
MZ781228.1,9960,15.0
MZ781228.1,9970,15.0
MZ781228.1,9980,17.0
MZ781228.1,9990,18.0
MZ781228.1,10000,20.0
MZ781228.1,10010,19.0
MZ781228.1,10020,18.0
MZ781228.1,10030,19.0
MZ781228.1,10040,19.0
MZ781228.1,10050,17.0
MZ781228.1,10060,20.0
MZ781228.1,10070,22.0
MZ781228.1,10080,21.0
MZ781228.1,10090,20.0
MZ781228.1,10100,17.0
MZ781228.1,10110,18.0
MZ781228.1,10120,16.0
MZ781228.1,10130,12.0
MZ781228.1,10140,13.0
MZ781228.1,10150,13.0
MZ781228.1,10160,9.0
MZ781228.1,10170,6.0
MZ781228.1,10180,7.0
MZ781228.1,10190,6.0
MZ781228.1,10200,7.0
MZ781228.1,10210,7.0
MZ781228.1,10220,7.0
MZ781228.1,10230,7.0
MZ781228.1,10240,6.0
MZ781228.1,10250,5.0
MZ781228.1,10260,6.0
MZ781228.1,10270,6.0
MZ781228.1,10280,6.0
MZ781228.1,10290,7.0
MZ781228.1,10300,6.0
MZ781228.1,10310,5.0
MZ781228.1,10320,6.0
MZ781228.1,10330,10.0
MZ781228.1,10340,10.0
MZ781228.1,10350,11.0
MZ781228.1,10360,14.0
MZ781228.1,10370,17.0
MZ781228.1,10380,17.0
MZ781228.1,10390,17.0
MZ781228.1,10400,17.0
MZ781228.1,10410,20.0
MZ781228.1,10420,24.0
MZ781228.1,10430,20.0
MZ781228.1,10440,19.0
MZ781228.1,10450,19.0
MZ781228.1,10460,18.0
MZ781228.1,10470,19.0
MZ781228.1,10480,19.0
MZ781228.1,10490,20.0
MZ781228.1,10500,25.0
MZ781228.1,10510,25.0
MZ781228.1,10520,21.0
MZ781228.1,10530,22.0
MZ781228.1,10540,25.0
MZ781228.1,10550,25.0
MZ781228.1,10560,23.0
MZ781228.1,10570,21.0
MZ781228.1,10580,22.0
MZ781228.1,10590,22.0
MZ781228.1,10600,17.0
MZ781228.1,10610,19.0
MZ781228.1,10620,20.0
MZ781228.1,10630,20.0
MZ781228.1,10640,21.0
MZ781228.1,10650,24.0
MZ781228.1,10660,26.0
MZ781228.1,10670,24.0
MZ781228.1,10680,22.0
MZ781228.1,10690,24.0
MZ781228.1,10700,28.0
MZ781228.1,10710,26.0
MZ781228.1,10720,24.0
MZ781228.1,10730,24.0
MZ781228.1,10740,23.0
MZ781228.1,10750,20.0
MZ781228.1,10760,17.0
MZ781228.1,10770,20.0
MZ781228.1,10780,21.0
MZ781228.1,10790,21.0
MZ781228.1,10800,22.0
MZ781228.1,10810,21.0
MZ781228.1,10820,25.0
MZ781228.1,10830,27.0
MZ781228.1,10840,26.0
MZ781228.1,10850,30.0
MZ781228.1,10860,33.0
MZ781228.1,10870,34.0
MZ781228.1,10880,33.0
MZ781228.1,10890,33.0
MZ781228.1,10900,31.0
MZ781228.1,10910,32.0
MZ781228.1,10920,31.0
MZ781228.1,10930,30.0
MZ781228.1,10940,30.0
MZ781228.1,10950,28.0
MZ781228.1,10960,25.0
MZ781228.1,10970,21.0
MZ781228.1,10980,22.0
MZ781228.1,10990,19.0
MZ781228.1,11000,19.0
MZ781228.1,11010,20.0
MZ781228.1,11020,19.0
MZ781228.1,11030,19.0
MZ781228.1,11040,19.0
MZ781228.1,11050,18.0
MZ781228.1,11060,21.0
MZ781228.1,11070,22.0
MZ781228.1,11080,21.0
MZ781228.1,11090,22.0
MZ781228.1,11100,19.0
MZ781228.1,11110,16.0
MZ781228.1,11120,16.0
MZ781228.1,11130,16.0
MZ781228.1,11140,17.0
MZ781228.1,11150,20.0
MZ781228.1,11160,19.0
MZ781228.1,11170,23.0
MZ781228.1,11180,25.0
MZ781228.1,11190,27.0
MZ781228.1,11200,29.0
MZ781228.1,11210,32.0
MZ781228.1,11220,30.0
MZ781228.1,11230,32.0
MZ781228.1,11240,32.0
MZ781228.1,11250,31.0
MZ781228.1,11260,31.0
MZ781228.1,11270,30.0
MZ781228.1,11280,28.0
MZ781228.1,11290,27.0
MZ781228.1,11300,26.0
MZ781228.1,11310,24.0
MZ781228.1,11320,25.0
MZ781228.1,11330,22.0
MZ781228.1,11340,22.0
MZ781228.1,11350,20.0
MZ781228.1,11360,19.0
MZ781228.1,11370,16.0
MZ781228.1,11380,15.0
MZ781228.1,11390,14.0
MZ781228.1,11400,16.0
MZ781228.1,11410,17.0
MZ781228.1,11420,23.0
MZ781228.1,11430,26.0
MZ781228.1,11440,23.0
MZ781228.1,11450,25.0
MZ781228.1,11460,26.0
MZ781228.1,11470,25.0
MZ781228.1,11480,26.0
MZ781228.1,11490,26.0
MZ781228.1,11500,25.0
MZ781228.1,11510,24.0
MZ781228.1,11520,17.0
MZ781228.1,11530,13.0
MZ781228.1,11540,13.0
MZ781228.1,11550,10.0
MZ781228.1,11560,11.0
MZ781228.1,11570,14.0
MZ781228.1,11580,15.0
MZ781228.1,11590,15.0
MZ781228.1,11600,14.0
MZ781228.1,11610,12.0
MZ781228.1,11620,13.0
MZ781228.1,11630,13.0
MZ781228.1,11640,13.0
MZ781228.1,11650,14.0
MZ781228.1,11660,11.0
MZ781228.1,11670,8.0
MZ781228.1,11680,10.0
MZ781228.1,11690,9.0
MZ781228.1,11700,10.0
MZ781228.1,11710,10.0
MZ781228.1,11720,10.0
MZ781228.1,11730,15.0
MZ781228.1,11740,20.0
MZ781228.1,11750,21.0
MZ781228.1,11760,21.0
MZ781228.1,11770,22.0
MZ781228.1,11780,21.0
MZ781228.1,11790,20.0
MZ781228.1,11800,19.0
MZ781228.1,11810,22.0
MZ781228.1,11820,23.0
MZ781228.1,11830,20.0
MZ781228.1,11840,17.0
MZ781228.1,11850,14.0
MZ781228.1,11860,16.0
MZ781228.1,11870,19.0
MZ781228.1,11880,17.0
MZ781228.1,11890,22.0
MZ781228.1,11900,23.0
MZ781228.1,11910,22.0
MZ781228.1,11920,25.0
MZ781228.1,11930,26.0
MZ781228.1,11940,29.0
MZ781228.1,11950,31.0
MZ781228.1,11960,34.0
MZ781228.1,11970,33.0
MZ781228.1,11980,35.0
MZ781228.1,11990,33.0
MZ781228.1,12000,32.0
MZ781228.1,12010,32.0
MZ781228.1,12020,28.0
MZ781228.1,12030,27.0
MZ781228.1,12040,24.0
MZ781228.1,12050,23.0
MZ781228.1,12060,18.0
MZ781228.1,12070,17.0
MZ781228.1,12080,15.0
MZ781228.1,12090,15.0
MZ781228.1,12100,14.0
MZ781228.1,12110,16.0
MZ781228.1,12120,18.0
MZ781228.1,12130,18.0
MZ781228.1,12140,21.0
MZ781228.1,12150,25.0
MZ781228.1,12160,27.0
MZ781228.1,12170,26.0
MZ781228.1,12180,29.0
MZ781228.1,12190,30.0
MZ781228.1,12200,31.0
MZ781228.1,12210,31.0
MZ781228.1,12220,30.0
MZ781228.1,12230,29.0
MZ781228.1,12240,25.0
MZ781228.1,12250,21.0
MZ781228.1,12260,20.0
MZ781228.1,12270,19.0
MZ781228.1,12280,17.0
MZ781228.1,12290,14.0
MZ781228.1,12300,14.0
MZ781228.1,12310,11.0
MZ781228.1,12320,13.0
MZ781228.1,12330,13.0
MZ781228.1,12340,12.0
MZ781228.1,12350,12.0
MZ781228.1,12360,13.0
MZ781228.1,12370,15.0
MZ781228.1,12380,14.0
MZ781228.1,12390,15.0
MZ781228.1,12400,19.0
MZ781228.1,12410,21.0
MZ781228.1,12420,20.0
MZ781228.1,12430,21.0
MZ781228.1,12440,25.0
MZ781228.1,12450,28.0
MZ781228.1,12460,28.0
MZ781228.1,12470,30.0
MZ781228.1,12480,32.0
MZ781228.1,12490,32.0
MZ781228.1,12500,31.0
MZ781228.1,12510,31.0
MZ781228.1,12520,28.0
MZ781228.1,12530,27.0
MZ781228.1,12540,23.0
MZ781228.1,12550,20.0
MZ781228.1,12560,19.0
MZ781228.1,12570,16.0
MZ781228.1,12580,13.0
MZ781228.1,12590,13.0
MZ781228.1,12600,11.0
MZ781228.1,12610,10.0
MZ781228.1,12620,11.0
MZ781228.1,12630,13.0
MZ781228.1,12640,15.0
MZ781228.1,12650,15.0
MZ781228.1,12660,15.0
MZ781228.1,12670,14.0
MZ781228.1,12680,15.0
MZ781228.1,12690,15.0
MZ781228.1,12700,16.0
MZ781228.1,12710,14.0
MZ781228.1,12720,14.0
MZ781228.1,12730,14.0
MZ781228.1,12740,17.0
MZ781228.1,12750,22.0
MZ781228.1,12760,25.0
MZ781228.1,12770,27.0
MZ781228.1,12780,29.0
MZ781228.1,12790,30.0
MZ781228.1,12800,27.0
MZ781228.1,12810,30.0
MZ781228.1,12820,29.0
MZ781228.1,12830,29.0
MZ781228.1,12840,30.0
MZ781228.1,12850,27.0
MZ781228.1,12860,23.0
MZ781228.1,12870,23.0
MZ781228.1,12880,21.0
MZ781228.1,12890,23.0
MZ781228.1,12900,26.0
MZ781228.1,12910,24.0
MZ781228.1,12920,26.0
MZ781228.1,12930,26.0
MZ781228.1,12940,21.0
MZ781228.1,12950,19.0
MZ781228.1,12960,19.0
MZ781228.1,12970,18.0
MZ781228.1,12980,17.0
MZ781228.1,12990,18.0
MZ781228.1,13000,16.0
MZ781228.1,13010,15.0
MZ781228.1,13020,13.0
MZ781228.1,13030,10.0
MZ781228.1,13040,9.0
MZ781228.1,13050,8.0
MZ781228.1,13060,10.0
MZ781228.1,13070,13.0
MZ781228.1,13080,17.0
MZ781228.1,13090,12.0
MZ781228.1,13100,13.0
MZ781228.1,13110,14.0
MZ781228.1,13120,14.0
MZ781228.1,13130,14.0
MZ781228.1,13140,19.0
MZ781228.1,13150,20.0
MZ781228.1,13160,21.0
MZ781228.1,13170,21.0
MZ781228.1,13180,20.0
MZ781228.1,13190,21.0
MZ781228.1,13200,23.0
MZ781228.1,13210,26.0
MZ781228.1,13220,29.0
MZ781228.1,13230,33.0
MZ781228.1,13240,31.0
MZ781228.1,13250,35.0
MZ781228.1,13260,33.0
MZ781228.1,13270,30.0
MZ781228.1,13280,30.0
MZ781228.1,13290,30.0
MZ781228.1,13300,28.0
MZ781228.1,13310,28.0
MZ781228.1,13320,27.0
MZ781228.1,13330,23.0
MZ781228.1,13340,20.0
MZ781228.1,13350,15.0
MZ781228.1,13360,14.0
MZ781228.1,13370,15.0
MZ781228.1,13380,13.0
MZ781228.1,13390,11.0
MZ781228.1,13400,9.0
MZ781228.1,13410,5.0
MZ781228.1,13420,3.0
MZ781228.1,13430,3.0
MZ781228.1,13440,5.0
MZ781228.1,13450,5.0
MZ781228.1,13460,5.0
MZ781228.1,13470,3.0
MZ781228.1,13480,2.0
MZ781228.1,13490,2.0
MZ781228.1,13500,3.0
MZ781228.1,13510,4.0
MZ781228.1,13520,5.0
MZ781228.1,13530,6.0
MZ781228.1,13540,4.0
MZ781228.1,13550,4.0
MZ781228.1,13560,9.0
MZ781228.1,13570,9.0
MZ781228.1,13580,9.0
MZ781228.1,13590,9.0
MZ781228.1,13600,8.0
MZ781228.1,13610,7.0
MZ781228.1,13620,6.0
MZ781228.1,13630,5.0
MZ781228.1,13640,6.0
MZ781228.1,13650,8.0
MZ781228.1,13660,3.0
MZ781228.1,13670,5.0
MZ781228.1,13680,7.0
MZ781228.1,13690,9.0
MZ781228.1,13700,9.0
MZ781228.1,13710,11.0
MZ781228.1,13720,12.0
MZ781228.1,13730,12.0
MZ781228.1,13740,13.0
MZ781228.1,13750,14.0
MZ781228.1,13760,14.0
MZ781228.1,13770,12.0
MZ781228.1,13780,11.0
MZ781228.1,13790,13.0
MZ781228.1,13800,15.0
MZ781228.1,13810,13.0
MZ781228.1,13820,13.0
MZ781228.1,13830,13.0
MZ781228.1,13840,11.0
MZ781228.1,13850,9.0
MZ781228.1,13860,11.0
MZ781228.1,13870,12.0
MZ781228.1,13880,12.0
MZ781228.1,13890,9.0
MZ781228.1,13900,8.0
MZ781228.1,13910,11.0
MZ781228.1,13920,13.0
MZ781228.1,13930,13.0
MZ781228.1,13940,13.0
MZ781228.1,13950,12.0
MZ781228.1,13960,10.0
MZ781228.1,13970,14.0
MZ781228.1,13980,14.0
MZ781228.1,13990,13.0
MZ781228.1,14000,14.0
MZ781228.1,14010,13.0
MZ781228.1,14020,12.0
MZ781228.1,14030,15.0
MZ781228.1,14040,18.0
MZ781228.1,14050,21.0
MZ781228.1,14060,26.0
MZ781228.1,14070,24.0
MZ781228.1,14080,26.0
MZ781228.1,14090,28.0
MZ781228.1,14100,29.0
MZ781228.1,14110,33.0
MZ781228.1,14120,33.0
MZ781228.1,14130,32.0
MZ781228.1,14140,30.0
MZ781228.1,14150,27.0
MZ781228.1,14160,23.0
MZ781228.1,14170,22.0
MZ781228.1,14180,22.0
MZ781228.1,14190,21.0
MZ781228.1,14200,19.0
MZ781228.1,14210,13.0
MZ781228.1,14220,12.0
MZ781228.1,14230,13.0
MZ781228.1,14240,13.0
MZ781228.1,14250,16.0
MZ781228.1,14260,19.0
MZ781228.1,14270,17.0
MZ781228.1,14280,14.0
MZ781228.1,14290,13.0
MZ781228.1,14300,12.0
MZ781228.1,14310,12.0
MZ781228.1,14320,14.0
MZ781228.1,14330,12.0
MZ781228.1,14340,11.0
MZ781228.1,14350,9.0
MZ781228.1,14360,9.0
MZ781228.1,14370,10.0
MZ781228.1,14380,13.0
MZ781228.1,14390,17.0
MZ781228.1,14400,18.0
MZ781228.1,14410,23.0
MZ781228.1,14420,21.0
MZ781228.1,14430,22.0
MZ781228.1,14440,23.0
MZ781228.1,14450,23.0
MZ781228.1,14460,19.0
MZ781228.1,14470,18.0
MZ781228.1,14480,19.0
MZ781228.1,14490,18.0
MZ781228.1,14500,17.0
MZ781228.1,14510,14.0
MZ781228.1,14520,13.0
MZ781228.1,14530,11.0
MZ781228.1,14540,10.0
MZ781228.1,14550,11.0
MZ781228.1,14560,11.0
MZ781228.1,14570,11.0
MZ781228.1,14580,7.0
MZ781228.1,14590,4.0
MZ781228.1,14600,5.0
MZ781228.1,14610,3.0
MZ781228.1,14620,4.0
MZ781228.1,14630,8.0
MZ781228.1,14640,15.0
MZ781228.1,14650,14.0
MZ781228.1,14660,14.0
MZ781228.1,14670,15.0
MZ781228.1,14680,16.0
MZ781228.1,14690,17.0
MZ781228.1,14700,16.0
MZ781228.1,14710,18.0
MZ781228.1,14720,17.0
MZ781228.1,14730,13.0
MZ781228.1,14740,6.0
MZ781228.1,14750,7.0
MZ781228.1,14760,7.0
MZ781228.1,14770,7.0
MZ781228.1,14780,6.0
MZ781228.1,14790,5.0
MZ781228.1,14800,6.0
MZ781228.1,14810,4.0
MZ781228.1,14820,4.0
MZ781228.1,14830,5.0
MZ781228.1,14840,5.0
MZ781228.1,14850,3.0
MZ781228.1,14860,3.0
MZ781228.1,14870,2.0
MZ781228.1,14880,2.0
MZ781228.1,14890,3.0
MZ781228.1,14900,6.0
MZ781228.1,14910,7.0
MZ781228.1,14920,8.0
MZ781228.1,14930,7.0
MZ781228.1,14940,8.0
MZ781228.1,14950,8.0
MZ781228.1,14960,8.0
MZ781228.1,14970,8.0
MZ781228.1,14980,8.0
MZ781228.1,14990,7.0
MZ781228.1,15000,4.0
MZ781228.1,15010,4.0
MZ781228.1,15020,3.0
MZ781228.1,15030,3.0
MZ781228.1,15040,2.0
MZ781228.1,15050,2.0
MZ781228.1,15060,2.0
MZ781228.1,15070,2.0
MZ781228.1,15080,2.0
MZ781228.1,15090,2.0
MZ781228.1,15100,2.0
MZ781228.1,15110,2.0
MZ781228.1,15120,3.0
MZ781228.1,15130,3.0
MZ781228.1,15140,6.0
MZ781228.1,15150,6.0
MZ781228.1,15160,7.0
MZ781228.1,15170,8.0
MZ781228.1,15180,8.0
